"province_code","province_th","district_code","district_th"
"10","กรุงเทพมหานคร","1001","พระนคร"
"10","กรุงเทพมหานคร","1002","ดุสิต"
"10","กรุงเทพมหานคร","1003","หนองจอก"
"10","กรุงเทพมหานคร","1004","บางรัก"
"10","กรุงเทพมหานคร","1005","บางเขน"
"10","กรุงเทพมหานคร","1006","บางกะปิ"
"10","กรุงเทพมหานคร","1007","ปทุมวัน"
"10","กรุงเทพมหานคร","1008","ป้อมปราบศัตรูพ่าย"
"10","กรุงเทพมหานคร","1009","พระโขนง"
"10","กรุงเทพมหานคร","1010","มีนบุรี"
"10","กรุงเทพมหานคร","1011","ลาดกระบัง"
"10","กรุงเทพมหานคร","1012","ยานนาวา"
"10","กรุงเทพมหานคร","1013","สัมพันธวงศ์"
"10","กรุงเทพมหานคร","1014","พญาไท"
"10","กรุงเทพมหานคร","1015","ธนบุรี"
"10","กรุงเทพมหานคร","1016","บางกอกใหญ่"
"10","กรุงเทพมหานคร","1017","ห้วยขวาง"
"10","กรุงเทพมหานคร","1018","คลองสาน"
"10","กรุงเทพมหานคร","1019","ตลิ่งชัน"
"10","กรุงเทพมหานคร","1020","บางกอกน้อย"
"10","กรุงเทพมหานคร","1021","บางขุนเทียน"
"10","กรุงเทพมหานคร","1022","ภาษีเจริญ"
"10","กรุงเทพมหานคร","1023","หนองแขม"
"10","กรุงเทพมหานคร","1024","ราษฎร์บูรณะ"
"10","กรุงเทพมหานคร","1025","บางพลัด"
"10","กรุงเทพมหานคร","1026","ดินแดง"
"10","กรุงเทพมหานคร","1027","บึงกุ่ม"
"10","กรุงเทพมหานคร","1028","สาทร"
"10","กรุงเทพมหานคร","1029","บางซื่อ"
"10","กรุงเทพมหานคร","1030","จตุจักร"
"10","กรุงเทพมหานคร","1031","บางคอแหลม"
"10","กรุงเทพมหานคร","1032","ประเวศ"
"10","กรุงเทพมหานคร","1033","คลองเตย"
"10","กรุงเทพมหานคร","1034","สวนหลวง"
"10","กรุงเทพมหานคร","1035","จอมทอง"
"10","กรุงเทพมหานคร","1036","ดอนเมือง"
"10","กรุงเทพมหานคร","1037","ราชเทวี"
"10","กรุงเทพมหานคร","1038","ลาดพร้าว"
"10","กรุงเทพมหานคร","1039","วัฒนา"
"10","กรุงเทพมหานคร","1040","บางแค"
"10","กรุงเทพมหานคร","1041","หลักสี่"
"10","กรุงเทพมหานคร","1042","สายไหม"
"10","กรุงเทพมหานคร","1043","คันนายาว"
"10","กรุงเทพมหานคร","1044","สะพานสูง"
"10","กรุงเทพมหานคร","1045","วังทองหลาง"
"10","กรุงเทพมหานคร","1046","คลองสามวา"
"10","กรุงเทพมหานคร","1047","บางนา"
"10","กรุงเทพมหานคร","1048","ทวีวัฒนา"
"10","กรุงเทพมหานคร","1049","ทุ่งครุ"
"10","กรุงเทพมหานคร","1050","บางบอน"
"11","สมุทรปราการ","1101","เมืองสมุทรปราการ"
"11","สมุทรปราการ","1102","บางบ่อ"
"11","สมุทรปราการ","1103","บางพลี"
"11","สมุทรปราการ","1104","พระประแดง"
"11","สมุทรปราการ","1105","พระสมุทรเจดีย์"
"11","สมุทรปราการ","1106","บางเสาธง"
"12","นนทบุรี","1201","เมืองนนทบุรี"
"12","นนทบุรี","1202","บางกรวย"
"12","นนทบุรี","1203","บางใหญ่"
"12","นนทบุรี","1204","บางบัวทอง"
"12","นนทบุรี","1205","ไทรน้อย"
"12","นนทบุรี","1206","ปากเกร็ด"
"13","ปทุมธานี","1301","เมืองปทุมธานี"
"13","ปทุมธานี","1302","คลองหลวง"
"13","ปทุมธานี","1303","ธัญบุรี"
"13","ปทุมธานี","1304","หนองเสือ"
"13","ปทุมธานี","1305","ลาดหลุมแก้ว"
"13","ปทุมธานี","1306","ลำลูกกา"
"13","ปทุมธานี","1307","สามโคก"
"14","พระนครศรีอยุธยา","1401","พระนครศรีอยุธยา"
"14","พระนครศรีอยุธยา","1402","ท่าเรือ"
"14","พระนครศรีอยุธยา","1403","นครหลวง"
"14","พระนครศรีอยุธยา","1404","บางไทร"
"14","พระนครศรีอยุธยา","1405","บางบาล"
"14","พระนครศรีอยุธยา","1406","บางปะอิน"
"14","พระนครศรีอยุธยา","1407","บางปะหัน"
"14","พระนครศรีอยุธยา","1408","ผักไห่"
"14","พระนครศรีอยุธยา","1409","ภาชี"
"14","พระนครศรีอยุธยา","1410","ลาดบัวหลวง"
"14","พระนครศรีอยุธยา","1411","วังน้อย"
"14","พระนครศรีอยุธยา","1412","เสนา"
"14","พระนครศรีอยุธยา","1413","บางซ้าย"
"14","พระนครศรีอยุธยา","1414","อุทัย"
"14","พระนครศรีอยุธยา","1415","มหาราช"
"14","พระนครศรีอยุธยา","1416","บ้านแพรก"
"15","อ่างทอง","1501","เมืองอ่างทอง"
"15","อ่างทอง","1502","ไชโย"
"15","อ่างทอง","1503","ป่าโมก"
"15","อ่างทอง","1504","โพธิ์ทอง"
"15","อ่างทอง","1505","แสวงหา"
"15","อ่างทอง","1506","วิเศษชัยชาญ"
"15","อ่างทอง","1507","สามโก้"
"16","ลพบุรี","1601","เมืองลพบุรี"
"16","ลพบุรี","1602","พัฒนานิคม"
"16","ลพบุรี","1603","โคกสำโรง"
"16","ลพบุรี","1604","ชัยบาดาล"
"16","ลพบุรี","1605","ท่าวุ้ง"
"16","ลพบุรี","1606","บ้านหมี่"
"16","ลพบุรี","1607","ท่าหลวง"
"16","ลพบุรี","1608","สระโบสถ์"
"16","ลพบุรี","1609","โคกเจริญ"
"16","ลพบุรี","1610","ลำสนธิ"
"16","ลพบุรี","1611","หนองม่วง"
"17","สิงห์บุรี","1701","เมืองสิงห์บุรี"
"17","สิงห์บุรี","1702","บางระจัน"
"17","สิงห์บุรี","1703","ค่ายบางระจัน"
"17","สิงห์บุรี","1704","พรหมบุรี"
"17","สิงห์บุรี","1705","ท่าช้าง"
"17","สิงห์บุรี","1706","อินทร์บุรี"
"18","ชัยนาท","1801","เมืองชัยนาท"
"18","ชัยนาท","1802","มโนรมย์"
"18","ชัยนาท","1803","วัดสิงห์"
"18","ชัยนาท","1804","สรรพยา"
"18","ชัยนาท","1805","สรรคบุรี"
"18","ชัยนาท","1806","หันคา"
"18","ชัยนาท","1807","หนองมะโมง"
"18","ชัยนาท","1808","เนินขาม"
"19","สระบุรี","1901","เมืองสระบุรี"
"19","สระบุรี","1902","แก่งคอย"
"19","สระบุรี","1903","หนองแค"
"19","สระบุรี","1904","วิหารแดง"
"19","สระบุรี","1905","หนองแซง"
"19","สระบุรี","1906","บ้านหมอ"
"19","สระบุรี","1907","ดอนพุด"
"19","สระบุรี","1908","หนองโดน"
"19","สระบุรี","1909","พระพุทธบาท"
"19","สระบุรี","1910","เสาไห้"
"19","สระบุรี","1911","มวกเหล็ก"
"19","สระบุรี","1912","วังม่วง"
"19","สระบุรี","1913","เฉลิมพระเกียรติ"
"20","ชลบุรี","2001","เมืองชลบุรี"
"20","ชลบุรี","2002","บ้านบึง"
"20","ชลบุรี","2003","หนองใหญ่"
"20","ชลบุรี","2004","บางละมุง"
"20","ชลบุรี","2005","พานทอง"
"20","ชลบุรี","2006","พนัสนิคม"
"20","ชลบุรี","2007","ศรีราชา"
"20","ชลบุรี","2008","เกาะสีชัง"
"20","ชลบุรี","2009","สัตหีบ"
"20","ชลบุรี","2010","บ่อทอง"
"20","ชลบุรี","2011","เกาะจันทร์"
"21","ระยอง","2101","เมืองระยอง"
"21","ระยอง","2102","บ้านฉาง"
"21","ระยอง","2103","แกลง"
"21","ระยอง","2104","วังจันทร์"
"21","ระยอง","2105","บ้านค่าย"
"21","ระยอง","2106","ปลวกแดง"
"21","ระยอง","2107","เขาชะเมา"
"21","ระยอง","2108","นิคมพัฒนา"
"22","จันทบุรี","2201","เมืองจันทบุรี"
"22","จันทบุรี","2202","ขลุง"
"22","จันทบุรี","2203","ท่าใหม่"
"22","จันทบุรี","2204","โป่งน้ำร้อน"
"22","จันทบุรี","2205","มะขาม"
"22","จันทบุรี","2206","แหลมสิงห์"
"22","จันทบุรี","2207","สอยดาว"
"22","จันทบุรี","2208","แก่งหางแมว"
"22","จันทบุรี","2209","นายายอาม"
"22","จันทบุรี","2210","เขาคิชฌกูฏ"
"23","ตราด","2301","เมืองตราด"
"23","ตราด","2302","คลองใหญ่"
"23","ตราด","2303","เขาสมิง"
"23","ตราด","2304","บ่อไร่"
"23","ตราด","2305","แหลมงอบ"
"23","ตราด","2306","เกาะกูด"
"23","ตราด","2307","เกาะช้าง"
"24","ฉะเชิงเทรา","2401","เมืองฉะเชิงเทรา"
"24","ฉะเชิงเทรา","2402","บางคล้า"
"24","ฉะเชิงเทรา","2403","บางน้ำเปรี้ยว"
"24","ฉะเชิงเทรา","2404","บางปะกง"
"24","ฉะเชิงเทรา","2405","บ้านโพธิ์"
"24","ฉะเชิงเทรา","2406","พนมสารคาม"
"24","ฉะเชิงเทรา","2407","ราชสาส์น"
"24","ฉะเชิงเทรา","2408","สนามชัยเขต"
"24","ฉะเชิงเทรา","2409","แปลงยาว"
"24","ฉะเชิงเทรา","2410","ท่าตะเกียบ"
"24","ฉะเชิงเทรา","2411","คลองเขื่อน"
"25","ปราจีนบุรี","2501","เมืองปราจีนบุรี"
"25","ปราจีนบุรี","2502","กบินทร์บุรี"
"25","ปราจีนบุรี","2503","นาดี"
"25","ปราจีนบุรี","2506","บ้านสร้าง"
"25","ปราจีนบุรี","2507","ประจันตคาม"
"25","ปราจีนบุรี","2508","ศรีมหาโพธิ"
"25","ปราจีนบุรี","2509","ศรีมโหสถ"
"26","นครนายก","2601","เมืองนครนายก"
"26","นครนายก","2602","ปากพลี"
"26","นครนายก","2603","บ้านนา"
"26","นครนายก","2604","องครักษ์"
"27","สระแก้ว","2701","เมืองสระแก้ว"
"27","สระแก้ว","2702","คลองหาด"
"27","สระแก้ว","2703","ตาพระยา"
"27","สระแก้ว","2704","วังน้ำเย็น"
"27","สระแก้ว","2705","วัฒนานคร"
"27","สระแก้ว","2706","อรัญประเทศ"
"27","สระแก้ว","2707","เขาฉกรรจ์"
"27","สระแก้ว","2708","โคกสูง"
"27","สระแก้ว","2709","วังสมบูรณ์"
"30","นครราชสีมา","3001","เมืองนครราชสีมา"
"30","นครราชสีมา","3002","ครบุรี"
"30","นครราชสีมา","3003","เสิงสาง"
"30","นครราชสีมา","3004","คง"
"30","นครราชสีมา","3005","บ้านเหลื่อม"
"30","นครราชสีมา","3006","จักราช"
"30","นครราชสีมา","3007","โชคชัย"
"30","นครราชสีมา","3008","ด่านขุนทด"
"30","นครราชสีมา","3009","โนนไทย"
"30","นครราชสีมา","3010","โนนสูง"
"30","นครราชสีมา","3011","ขามสะแกแสง"
"30","นครราชสีมา","3012","บัวใหญ่"
"30","นครราชสีมา","3013","ประทาย"
"30","นครราชสีมา","3014","ปักธงชัย"
"30","นครราชสีมา","3015","พิมาย"
"30","นครราชสีมา","3016","ห้วยแถลง"
"30","นครราชสีมา","3017","ชุมพวง"
"30","นครราชสีมา","3018","สูงเนิน"
"30","นครราชสีมา","3019","ขามทะเลสอ"
"30","นครราชสีมา","3020","สีคิ้ว"
"30","นครราชสีมา","3021","ปากช่อง"
"30","นครราชสีมา","3022","หนองบุญมาก"
"30","นครราชสีมา","3023","แก้งสนามนาง"
"30","นครราชสีมา","3024","โนนแดง"
"30","นครราชสีมา","3025","วังน้ำเขียว"
"30","นครราชสีมา","3026","เทพารักษ์"
"30","นครราชสีมา","3027","เมืองยาง"
"30","นครราชสีมา","3028","พระทองคำ"
"30","นครราชสีมา","3029","ลำทะเมนชัย"
"30","นครราชสีมา","3030","บัวลาย"
"30","นครราชสีมา","3031","สีดา"
"30","นครราชสีมา","3032","เฉลิมพระเกียรติ"
"31","บุรีรัมย์","3101","เมืองบุรีรัมย์"
"31","บุรีรัมย์","3102","คูเมือง"
"31","บุรีรัมย์","3103","กระสัง"
"31","บุรีรัมย์","3104","นางรอง"
"31","บุรีรัมย์","3105","หนองกี่"
"31","บุรีรัมย์","3106","ละหานทราย"
"31","บุรีรัมย์","3107","ประโคนชัย"
"31","บุรีรัมย์","3108","บ้านกรวด"
"31","บุรีรัมย์","3109","พุทไธสง"
"31","บุรีรัมย์","3110","ลำปลายมาศ"
"31","บุรีรัมย์","3111","สตึก"
"31","บุรีรัมย์","3112","ปะคำ"
"31","บุรีรัมย์","3113","นาโพธิ์"
"31","บุรีรัมย์","3114","หนองหงส์"
"31","บุรีรัมย์","3115","พลับพลาชัย"
"31","บุรีรัมย์","3116","ห้วยราช"
"31","บุรีรัมย์","3117","โนนสุวรรณ"
"31","บุรีรัมย์","3118","ชำนิ"
"31","บุรีรัมย์","3119","บ้านใหม่ไชยพจน์"
"31","บุรีรัมย์","3120","โนนดินแดง"
"31","บุรีรัมย์","3121","บ้านด่าน"
"31","บุรีรัมย์","3122","แคนดง"
"31","บุรีรัมย์","3123","เฉลิมพระเกียรติ"
"32","สุรินทร์","3201","เมืองสุรินทร์"
"32","สุรินทร์","3202","ชุมพลบุรี"
"32","สุรินทร์","3203","ท่าตูม"
"32","สุรินทร์","3204","จอมพระ"
"32","สุรินทร์","3205","ปราสาท"
"32","สุรินทร์","3206","กาบเชิง"
"32","สุรินทร์","3207","รัตนบุรี"
"32","สุรินทร์","3208","สนม"
"32","สุรินทร์","3209","ศีขรภูมิ"
"32","สุรินทร์","3210","สังขะ"
"32","สุรินทร์","3211","ลำดวน"
"32","สุรินทร์","3212","สำโรงทาบ"
"32","สุรินทร์","3213","บัวเชด"
"32","สุรินทร์","3214","พนมดงรัก"
"32","สุรินทร์","3215","ศรีณรงค์"
"32","สุรินทร์","3216","เขวาสินรินทร์"
"32","สุรินทร์","3217","โนนนารายณ์"
"33","ศรีสะเกษ","3301","เมืองศรีสะเกษ"
"33","ศรีสะเกษ","3302","ยางชุมน้อย"
"33","ศรีสะเกษ","3303","กันทรารมย์"
"33","ศรีสะเกษ","3304","กันทรลักษ์"
"33","ศรีสะเกษ","3305","ขุขันธ์"
"33","ศรีสะเกษ","3306","ไพรบึง"
"33","ศรีสะเกษ","3307","ปรางค์กู่"
"33","ศรีสะเกษ","3308","ขุนหาญ"
"33","ศรีสะเกษ","3309","ราษีไศล"
"33","ศรีสะเกษ","3310","อุทุมพรพิสัย"
"33","ศรีสะเกษ","3311","บึงบูรพ์"
"33","ศรีสะเกษ","3312","ห้วยทับทัน"
"33","ศรีสะเกษ","3313","โนนคูณ"
"33","ศรีสะเกษ","3314","ศรีรัตนะ"
"33","ศรีสะเกษ","3315","น้ำเกลี้ยง"
"33","ศรีสะเกษ","3316","วังหิน"
"33","ศรีสะเกษ","3317","ภูสิงห์"
"33","ศรีสะเกษ","3318","เมืองจันทร์"
"33","ศรีสะเกษ","3319","เบญจลักษ์"
"33","ศรีสะเกษ","3320","พยุห์"
"33","ศรีสะเกษ","3321","โพธิ์ศรีสุวรรณ"
"33","ศรีสะเกษ","3322","ศิลาลาด"
"34","อุบลราชธานี","3401","เมืองอุบลราชธานี"
"34","อุบลราชธานี","3402","ศรีเมืองใหม่"
"34","อุบลราชธานี","3403","โขงเจียม"
"34","อุบลราชธานี","3404","เขื่องใน"
"34","อุบลราชธานี","3405","เขมราฐ"
"34","อุบลราชธานี","3407","เดชอุดม"
"34","อุบลราชธานี","3408","นาจะหลวย"
"34","อุบลราชธานี","3409","น้ำยืน"
"34","อุบลราชธานี","3410","บุณฑริก"
"34","อุบลราชธานี","3411","ตระการพืชผล"
"34","อุบลราชธานี","3412","กุดข้าวปุ้น"
"34","อุบลราชธานี","3414","ม่วงสามสิบ"
"34","อุบลราชธานี","3415","วารินชำราบ"
"34","อุบลราชธานี","3419","พิบูลมังสาหาร"
"34","อุบลราชธานี","3420","ตาลสุม"
"34","อุบลราชธานี","3421","โพธิ์ไทร"
"34","อุบลราชธานี","3422","สำโรง"
"34","อุบลราชธานี","3424","ดอนมดแดง"
"34","อุบลราชธานี","3425","สิรินธร"
"34","อุบลราชธานี","3426","ทุ่งศรีอุดม"
"34","อุบลราชธานี","3429","นาเยีย"
"34","อุบลราชธานี","3430","นาตาล"
"34","อุบลราชธานี","3431","เหล่าเสือโก้ก"
"34","อุบลราชธานี","3432","สว่างวีระวงศ์"
"34","อุบลราชธานี","3433","น้ำขุ่น"
"35","ยโสธร","3501","เมืองยโสธร"
"35","ยโสธร","3502","ทรายมูล"
"35","ยโสธร","3503","กุดชุม"
"35","ยโสธร","3504","คำเขื่อนแก้ว"
"35","ยโสธร","3505","ป่าติ้ว"
"35","ยโสธร","3506","มหาชนะชัย"
"35","ยโสธร","3507","ค้อวัง"
"35","ยโสธร","3508","เลิงนกทา"
"35","ยโสธร","3509","ไทยเจริญ"
"36","ชัยภูมิ","3601","เมืองชัยภูมิ"
"36","ชัยภูมิ","3602","บ้านเขว้า"
"36","ชัยภูมิ","3603","คอนสวรรค์"
"36","ชัยภูมิ","3604","เกษตรสมบูรณ์"
"36","ชัยภูมิ","3605","หนองบัวแดง"
"36","ชัยภูมิ","3606","จัตุรัส"
"36","ชัยภูมิ","3607","บำเหน็จณรงค์"
"36","ชัยภูมิ","3608","หนองบัวระเหว"
"36","ชัยภูมิ","3609","เทพสถิต"
"36","ชัยภูมิ","3610","ภูเขียว"
"36","ชัยภูมิ","3611","บ้านแท่น"
"36","ชัยภูมิ","3612","แก้งคร้อ"
"36","ชัยภูมิ","3613","คอนสาร"
"36","ชัยภูมิ","3614","ภักดีชุมพล"
"36","ชัยภูมิ","3615","เนินสง่า"
"36","ชัยภูมิ","3616","ซับใหญ่"
"37","อำนาจเจริญ","3701","เมืองอำนาจเจริญ"
"37","อำนาจเจริญ","3702","ชานุมาน"
"37","อำนาจเจริญ","3703","ปทุมราชวงศา"
"37","อำนาจเจริญ","3704","พนา"
"37","อำนาจเจริญ","3705","เสนางคนิคม"
"37","อำนาจเจริญ","3706","หัวตะพาน"
"37","อำนาจเจริญ","3707","ลืออำนาจ"
"38","บึงกาฬ","3801","เมืองบึงกาฬ"
"38","บึงกาฬ","3802","พรเจริญ"
"38","บึงกาฬ","3803","โซ่พิสัย"
"38","บึงกาฬ","3804","เซกา"
"38","บึงกาฬ","3805","ปากคาด"
"38","บึงกาฬ","3806","บึงโขงหลง"
"38","บึงกาฬ","3807","ศรีวิไล"
"38","บึงกาฬ","3808","บุ่งคล้า"
"39","หนองบัวลำภู","3901","เมืองหนองบัวลำภู"
"39","หนองบัวลำภู","3902","นากลาง"
"39","หนองบัวลำภู","3903","โนนสัง"
"39","หนองบัวลำภู","3904","ศรีบุญเรือง"
"39","หนองบัวลำภู","3905","สุวรรณคูหา"
"39","หนองบัวลำภู","3906","นาวัง"
"40","ขอนแก่น","4001","เมืองขอนแก่น"
"40","ขอนแก่น","4002","บ้านฝาง"
"40","ขอนแก่น","4003","พระยืน"
"40","ขอนแก่น","4004","หนองเรือ"
"40","ขอนแก่น","4005","ชุมแพ"
"40","ขอนแก่น","4006","สีชมพู"
"40","ขอนแก่น","4007","น้ำพอง"
"40","ขอนแก่น","4008","อุบลรัตน์"
"40","ขอนแก่น","4009","กระนวน"
"40","ขอนแก่น","4010","บ้านไผ่"
"40","ขอนแก่น","4011","เปือยน้อย"
"40","ขอนแก่น","4012","พล"
"40","ขอนแก่น","4013","แวงใหญ่"
"40","ขอนแก่น","4014","แวงน้อย"
"40","ขอนแก่น","4015","หนองสองห้อง"
"40","ขอนแก่น","4016","ภูเวียง"
"40","ขอนแก่น","4017","มัญจาคีรี"
"40","ขอนแก่น","4018","ชนบท"
"40","ขอนแก่น","4019","เขาสวนกวาง"
"40","ขอนแก่น","4020","ภูผาม่าน"
"40","ขอนแก่น","4021","ซำสูง"
"40","ขอนแก่น","4022","โคกโพธิ์ไชย"
"40","ขอนแก่น","4023","หนองนาคำ"
"40","ขอนแก่น","4024","บ้านแฮด"
"40","ขอนแก่น","4025","โนนศิลา"
"40","ขอนแก่น","4029","เวียงเก่า"
"41","อุดรธานี","4101","เมืองอุดรธานี"
"41","อุดรธานี","4102","กุดจับ"
"41","อุดรธานี","4103","หนองวัวซอ"
"41","อุดรธานี","4104","กุมภวาปี"
"41","อุดรธานี","4105","โนนสะอาด"
"41","อุดรธานี","4106","หนองหาน"
"41","อุดรธานี","4107","ทุ่งฝน"
"41","อุดรธานี","4108","ไชยวาน"
"41","อุดรธานี","4109","ศรีธาตุ"
"41","อุดรธานี","4110","วังสามหมอ"
"41","อุดรธานี","4111","บ้านดุง"
"41","อุดรธานี","4117","บ้านผือ"
"41","อุดรธานี","4118","น้ำโสม"
"41","อุดรธานี","4119","เพ็ญ"
"41","อุดรธานี","4120","สร้างคอม"
"41","อุดรธานี","4121","หนองแสง"
"41","อุดรธานี","4122","นายูง"
"41","อุดรธานี","4123","พิบูลย์รักษ์"
"41","อุดรธานี","4124","กู่แก้ว"
"41","อุดรธานี","4125","ประจักษ์ศิลปาคม"
"42","เลย","4201","เมืองเลย"
"42","เลย","4202","นาด้วง"
"42","เลย","4203","เชียงคาน"
"42","เลย","4204","ปากชม"
"42","เลย","4205","ด่านซ้าย"
"42","เลย","4206","นาแห้ว"
"42","เลย","4207","ภูเรือ"
"42","เลย","4208","ท่าลี่"
"42","เลย","4209","วังสะพุง"
"42","เลย","4210","ภูกระดึง"
"42","เลย","4211","ภูหลวง"
"42","เลย","4212","ผาขาว"
"42","เลย","4213","เอราวัณ"
"42","เลย","4214","หนองหิน"
"43","หนองคาย","4301","เมืองหนองคาย"
"43","หนองคาย","4302","ท่าบ่อ"
"43","หนองคาย","4305","โพนพิสัย"
"43","หนองคาย","4307","ศรีเชียงใหม่"
"43","หนองคาย","4308","สังคม"
"43","หนองคาย","4314","สระใคร"
"43","หนองคาย","4315","เฝ้าไร่"
"43","หนองคาย","4316","รัตนวาปี"
"43","หนองคาย","4317","โพธิ์ตาก"
"44","มหาสารคาม","4401","เมืองมหาสารคาม"
"44","มหาสารคาม","4402","แกดำ"
"44","มหาสารคาม","4403","โกสุมพิสัย"
"44","มหาสารคาม","4404","กันทรวิชัย"
"44","มหาสารคาม","4405","เชียงยืน"
"44","มหาสารคาม","4406","บรบือ"
"44","มหาสารคาม","4407","นาเชือก"
"44","มหาสารคาม","4408","พยัคฆภูมิพิสัย"
"44","มหาสารคาม","4409","วาปีปทุม"
"44","มหาสารคาม","4410","นาดูน"
"44","มหาสารคาม","4411","ยางสีสุราช"
"44","มหาสารคาม","4412","กุดรัง"
"44","มหาสารคาม","4413","ชื่นชม"
"45","ร้อยเอ็ด","4501","เมืองร้อยเอ็ด"
"45","ร้อยเอ็ด","4502","เกษตรวิสัย"
"45","ร้อยเอ็ด","4503","ปทุมรัตต์"
"45","ร้อยเอ็ด","4504","จตุรพักตรพิมาน"
"45","ร้อยเอ็ด","4505","ธวัชบุรี"
"45","ร้อยเอ็ด","4506","พนมไพร"
"45","ร้อยเอ็ด","4507","โพนทอง"
"45","ร้อยเอ็ด","4508","โพธิ์ชัย"
"45","ร้อยเอ็ด","4509","หนองพอก"
"45","ร้อยเอ็ด","4510","เสลภูมิ"
"45","ร้อยเอ็ด","4511","สุวรรณภูมิ"
"45","ร้อยเอ็ด","4512","เมืองสรวง"
"45","ร้อยเอ็ด","4513","โพนทราย"
"45","ร้อยเอ็ด","4514","อาจสามารถ"
"45","ร้อยเอ็ด","4515","เมยวดี"
"45","ร้อยเอ็ด","4516","ศรีสมเด็จ"
"45","ร้อยเอ็ด","4517","จังหาร"
"45","ร้อยเอ็ด","4518","เชียงขวัญ"
"45","ร้อยเอ็ด","4519","หนองฮี"
"45","ร้อยเอ็ด","4520","ทุ่งเขาหลวง"
"46","กาฬสินธุ์","4601","เมืองกาฬสินธุ์"
"46","กาฬสินธุ์","4602","นามน"
"46","กาฬสินธุ์","4603","กมลาไสย"
"46","กาฬสินธุ์","4604","ร่องคำ"
"46","กาฬสินธุ์","4605","กุฉินารายณ์"
"46","กาฬสินธุ์","4606","เขาวง"
"46","กาฬสินธุ์","4607","ยางตลาด"
"46","กาฬสินธุ์","4608","ห้วยเม็ก"
"46","กาฬสินธุ์","4609","สหัสขันธ์"
"46","กาฬสินธุ์","4610","คำม่วง"
"46","กาฬสินธุ์","4611","ท่าคันโท"
"46","กาฬสินธุ์","4612","หนองกุงศรี"
"46","กาฬสินธุ์","4613","สมเด็จ"
"46","กาฬสินธุ์","4614","ห้วยผึ้ง"
"46","กาฬสินธุ์","4615","สามชัย"
"46","กาฬสินธุ์","4616","นาคู"
"46","กาฬสินธุ์","4617","ดอนจาน"
"46","กาฬสินธุ์","4618","ฆ้องชัย"
"47","สกลนคร","4701","เมืองสกลนคร"
"47","สกลนคร","4702","กุสุมาลย์"
"47","สกลนคร","4703","กุดบาก"
"47","สกลนคร","4704","พรรณานิคม"
"47","สกลนคร","4705","พังโคน"
"47","สกลนคร","4706","วาริชภูมิ"
"47","สกลนคร","4707","นิคมน้ำอูน"
"47","สกลนคร","4708","วานรนิวาส"
"47","สกลนคร","4709","คำตากล้า"
"47","สกลนคร","4710","บ้านม่วง"
"47","สกลนคร","4711","อากาศอำนวย"
"47","สกลนคร","4712","สว่างแดนดิน"
"47","สกลนคร","4713","ส่องดาว"
"47","สกลนคร","4714","เต่างอย"
"47","สกลนคร","4715","โคกศรีสุพรรณ"
"47","สกลนคร","4716","เจริญศิลป์"
"47","สกลนคร","4717","โพนนาแก้ว"
"47","สกลนคร","4718","ภูพาน"
"48","นครพนม","4801","เมืองนครพนม"
"48","นครพนม","4802","ปลาปาก"
"48","นครพนม","4803","ท่าอุเทน"
"48","นครพนม","4804","บ้านแพง"
"48","นครพนม","4805","ธาตุพนม"
"48","นครพนม","4806","เรณูนคร"
"48","นครพนม","4807","นาแก"
"48","นครพนม","4808","ศรีสงคราม"
"48","นครพนม","4809","นาหว้า"
"48","นครพนม","4810","โพนสวรรค์"
"48","นครพนม","4811","นาทม"
"48","นครพนม","4812","วังยาง"
"49","มุกดาหาร","4901","เมืองมุกดาหาร"
"49","มุกดาหาร","4902","นิคมคำสร้อย"
"49","มุกดาหาร","4903","ดอนตาล"
"49","มุกดาหาร","4904","ดงหลวง"
"49","มุกดาหาร","4905","คำชะอี"
"49","มุกดาหาร","4906","หว้านใหญ่"
"49","มุกดาหาร","4907","หนองสูง"
"50","เชียงใหม่","5001","เมืองเชียงใหม่"
"50","เชียงใหม่","5002","จอมทอง"
"50","เชียงใหม่","5003","แม่แจ่ม"
"50","เชียงใหม่","5004","เชียงดาว"
"50","เชียงใหม่","5005","ดอยสะเก็ด"
"50","เชียงใหม่","5006","แม่แตง"
"50","เชียงใหม่","5007","แม่ริม"
"50","เชียงใหม่","5008","สะเมิง"
"50","เชียงใหม่","5009","ฝาง"
"50","เชียงใหม่","5010","แม่อาย"
"50","เชียงใหม่","5011","พร้าว"
"50","เชียงใหม่","5012","สันป่าตอง"
"50","เชียงใหม่","5013","สันกำแพง"
"50","เชียงใหม่","5014","สันทราย"
"50","เชียงใหม่","5015","หางดง"
"50","เชียงใหม่","5016","ฮอด"
"50","เชียงใหม่","5017","ดอยเต่า"
"50","เชียงใหม่","5018","อมก๋อย"
"50","เชียงใหม่","5019","สารภี"
"50","เชียงใหม่","5020","เวียงแหง"
"50","เชียงใหม่","5021","ไชยปราการ"
"50","เชียงใหม่","5022","แม่วาง"
"50","เชียงใหม่","5023","แม่ออน"
"50","เชียงใหม่","5024","ดอยหล่อ"
"50","เชียงใหม่","5025","กัลยาณิวัฒนา"
"51","ลำพูน","5101","เมืองลำพูน"
"51","ลำพูน","5102","แม่ทา"
"51","ลำพูน","5103","บ้านโฮ่ง"
"51","ลำพูน","5104","ลี้"
"51","ลำพูน","5105","ทุ่งหัวช้าง"
"51","ลำพูน","5106","ป่าซาง"
"51","ลำพูน","5107","บ้านธิ"
"51","ลำพูน","5108","เวียงหนองล่อง"
"52","ลำปาง","5201","เมืองลำปาง"
"52","ลำปาง","5202","แม่เมาะ"
"52","ลำปาง","5203","เกาะคา"
"52","ลำปาง","5204","เสริมงาม"
"52","ลำปาง","5205","งาว"
"52","ลำปาง","5206","แจ้ห่ม"
"52","ลำปาง","5207","วังเหนือ"
"52","ลำปาง","5208","เถิน"
"52","ลำปาง","5209","แม่พริก"
"52","ลำปาง","5210","แม่ทะ"
"52","ลำปาง","5211","สบปราบ"
"52","ลำปาง","5212","ห้างฉัตร"
"52","ลำปาง","5213","เมืองปาน"
"53","อุตรดิตถ์","5301","เมืองอุตรดิตถ์"
"53","อุตรดิตถ์","5302","ตรอน"
"53","อุตรดิตถ์","5303","ท่าปลา"
"53","อุตรดิตถ์","5304","น้ำปาด"
"53","อุตรดิตถ์","5305","ฟากท่า"
"53","อุตรดิตถ์","5306","บ้านโคก"
"53","อุตรดิตถ์","5307","พิชัย"
"53","อุตรดิตถ์","5308","ลับแล"
"53","อุตรดิตถ์","5309","ทองแสนขัน"
"54","แพร่","5401","เมืองแพร่"
"54","แพร่","5402","ร้องกวาง"
"54","แพร่","5403","ลอง"
"54","แพร่","5404","สูงเม่น"
"54","แพร่","5405","เด่นชัย"
"54","แพร่","5406","สอง"
"54","แพร่","5407","วังชิ้น"
"54","แพร่","5408","หนองม่วงไข่"
"55","น่าน","5501","เมืองน่าน"
"55","น่าน","5502","แม่จริม"
"55","น่าน","5503","บ้านหลวง"
"55","น่าน","5504","นาน้อย"
"55","น่าน","5505","ปัว"
"55","น่าน","5506","ท่าวังผา"
"55","น่าน","5507","เวียงสา"
"55","น่าน","5508","ทุ่งช้าง"
"55","น่าน","5509","เชียงกลาง"
"55","น่าน","5510","นาหมื่น"
"55","น่าน","5511","สันติสุข"
"55","น่าน","5512","บ่อเกลือ"
"55","น่าน","5513","สองแคว"
"55","น่าน","5514","ภูเพียง"
"55","น่าน","5515","เฉลิมพระเกียรติ"
"56","พะเยา","5601","เมืองพะเยา"
"56","พะเยา","5602","จุน"
"56","พะเยา","5603","เชียงคำ"
"56","พะเยา","5604","เชียงม่วน"
"56","พะเยา","5605","ดอกคำใต้"
"56","พะเยา","5606","ปง"
"56","พะเยา","5607","แม่ใจ"
"56","พะเยา","5608","ภูซาง"
"56","พะเยา","5609","ภูกามยาว"
"57","เชียงราย","5701","เมืองเชียงราย"
"57","เชียงราย","5702","เวียงชัย"
"57","เชียงราย","5703","เชียงของ"
"57","เชียงราย","5704","เทิง"
"57","เชียงราย","5705","พาน"
"57","เชียงราย","5706","ป่าแดด"
"57","เชียงราย","5707","แม่จัน"
"57","เชียงราย","5708","เชียงแสน"
"57","เชียงราย","5709","แม่สาย"
"57","เชียงราย","5710","แม่สรวย"
"57","เชียงราย","5711","เวียงป่าเป้า"
"57","เชียงราย","5712","พญาเม็งราย"
"57","เชียงราย","5713","เวียงแก่น"
"57","เชียงราย","5714","ขุนตาล"
"57","เชียงราย","5715","แม่ฟ้าหลวง"
"57","เชียงราย","5716","แม่ลาว"
"57","เชียงราย","5717","เวียงเชียงรุ้ง"
"57","เชียงราย","5718","ดอยหลวง"
"58","แม่ฮ่องสอน","5801","เมืองแม่ฮ่องสอน"
"58","แม่ฮ่องสอน","5802","ขุนยวม"
"58","แม่ฮ่องสอน","5803","ปาย"
"58","แม่ฮ่องสอน","5804","แม่สะเรียง"
"58","แม่ฮ่องสอน","5805","แม่ลาน้อย"
"58","แม่ฮ่องสอน","5806","สบเมย"
"58","แม่ฮ่องสอน","5807","ปางมะผ้า"
"60","นครสวรรค์","6001","เมืองนครสวรรค์"
"60","นครสวรรค์","6002","โกรกพระ"
"60","นครสวรรค์","6003","ชุมแสง"
"60","นครสวรรค์","6004","หนองบัว"
"60","นครสวรรค์","6005","บรรพตพิสัย"
"60","นครสวรรค์","6006","เก้าเลี้ยว"
"60","นครสวรรค์","6007","ตาคลี"
"60","นครสวรรค์","6008","ท่าตะโก"
"60","นครสวรรค์","6009","ไพศาลี"
"60","นครสวรรค์","6010","พยุหะคีรี"
"60","นครสวรรค์","6011","ลาดยาว"
"60","นครสวรรค์","6012","ตากฟ้า"
"60","นครสวรรค์","6013","แม่วงก์"
"60","นครสวรรค์","6014","แม่เปิน"
"60","นครสวรรค์","6015","ชุมตาบง"
"61","อุทัยธานี","6101","เมืองอุทัยธานี"
"61","อุทัยธานี","6102","ทัพทัน"
"61","อุทัยธานี","6103","สว่างอารมณ์"
"61","อุทัยธานี","6104","หนองฉาง"
"61","อุทัยธานี","6105","หนองขาหย่าง"
"61","อุทัยธานี","6106","บ้านไร่"
"61","อุทัยธานี","6107","ลานสัก"
"61","อุทัยธานี","6108","ห้วยคต"
"62","กำแพงเพชร","6201","เมืองกำแพงเพชร"
"62","กำแพงเพชร","6202","ไทรงาม"
"62","กำแพงเพชร","6203","คลองลาน"
"62","กำแพงเพชร","6204","ขาณุวรลักษบุรี"
"62","กำแพงเพชร","6205","คลองขลุง"
"62","กำแพงเพชร","6206","พรานกระต่าย"
"62","กำแพงเพชร","6207","ลานกระบือ"
"62","กำแพงเพชร","6208","ทรายทองวัฒนา"
"62","กำแพงเพชร","6209","ปางศิลาทอง"
"62","กำแพงเพชร","6210","บึงสามัคคี"
"62","กำแพงเพชร","6211","โกสัมพีนคร"
"63","ตาก","6301","เมืองตาก"
"63","ตาก","6302","บ้านตาก"
"63","ตาก","6303","สามเงา"
"63","ตาก","6304","แม่ระมาด"
"63","ตาก","6305","ท่าสองยาง"
"63","ตาก","6306","แม่สอด"
"63","ตาก","6307","พบพระ"
"63","ตาก","6308","อุ้มผาง"
"63","ตาก","6309","วังเจ้า"
"64","สุโขทัย","6401","เมืองสุโขทัย"
"64","สุโขทัย","6402","บ้านด่านลานหอย"
"64","สุโขทัย","6403","คีรีมาศ"
"64","สุโขทัย","6404","กงไกรลาศ"
"64","สุโขทัย","6405","ศรีสัชนาลัย"
"64","สุโขทัย","6406","ศรีสำโรง"
"64","สุโขทัย","6407","สวรรคโลก"
"64","สุโขทัย","6408","ศรีนคร"
"64","สุโขทัย","6409","ทุ่งเสลี่ยม"
"65","พิษณุโลก","6501","เมืองพิษณุโลก"
"65","พิษณุโลก","6502","นครไทย"
"65","พิษณุโลก","6503","ชาติตระการ"
"65","พิษณุโลก","6504","บางระกำ"
"65","พิษณุโลก","6505","บางกระทุ่ม"
"65","พิษณุโลก","6506","พรหมพิราม"
"65","พิษณุโลก","6507","วัดโบสถ์"
"65","พิษณุโลก","6508","วังทอง"
"65","พิษณุโลก","6509","เนินมะปราง"
"66","พิจิตร","6601","เมืองพิจิตร"
"66","พิจิตร","6602","วังทรายพูน"
"66","พิจิตร","6603","โพธิ์ประทับช้าง"
"66","พิจิตร","6604","ตะพานหิน"
"66","พิจิตร","6605","บางมูลนาก"
"66","พิจิตร","6606","โพทะเล"
"66","พิจิตร","6607","สามง่าม"
"66","พิจิตร","6608","ทับคล้อ"
"66","พิจิตร","6609","สากเหล็ก"
"66","พิจิตร","6610","บึงนาราง"
"66","พิจิตร","6611","ดงเจริญ"
"66","พิจิตร","6612","วชิรบารมี"
"67","เพชรบูรณ์","6701","เมืองเพชรบูรณ์"
"67","เพชรบูรณ์","6702","ชนแดน"
"67","เพชรบูรณ์","6703","หล่มสัก"
"67","เพชรบูรณ์","6704","หล่มเก่า"
"67","เพชรบูรณ์","6705","วิเชียรบุรี"
"67","เพชรบูรณ์","6706","ศรีเทพ"
"67","เพชรบูรณ์","6707","หนองไผ่"
"67","เพชรบูรณ์","6708","บึงสามพัน"
"67","เพชรบูรณ์","6709","น้ำหนาว"
"67","เพชรบูรณ์","6710","วังโป่ง"
"67","เพชรบูรณ์","6711","เขาค้อ"
"70","ราชบุรี","7001","เมืองราชบุรี"
"70","ราชบุรี","7002","จอมบึง"
"70","ราชบุรี","7003","สวนผึ้ง"
"70","ราชบุรี","7004","ดำเนินสะดวก"
"70","ราชบุรี","7005","บ้านโป่ง"
"70","ราชบุรี","7006","บางแพ"
"70","ราชบุรี","7007","โพธาราม"
"70","ราชบุรี","7008","ปากท่อ"
"70","ราชบุรี","7009","วัดเพลง"
"70","ราชบุรี","7010","บ้านคา"
"71","กาญจนบุรี","7101","เมืองกาญจนบุรี"
"71","กาญจนบุรี","7102","ไทรโยค"
"71","กาญจนบุรี","7103","บ่อพลอย"
"71","กาญจนบุรี","7104","ศรีสวัสดิ์"
"71","กาญจนบุรี","7105","ท่ามะกา"
"71","กาญจนบุรี","7106","ท่าม่วง"
"71","กาญจนบุรี","7107","ทองผาภูมิ"
"71","กาญจนบุรี","7108","สังขละบุรี"
"71","กาญจนบุรี","7109","พนมทวน"
"71","กาญจนบุรี","7110","เลาขวัญ"
"71","กาญจนบุรี","7111","ด่านมะขามเตี้ย"
"71","กาญจนบุรี","7112","หนองปรือ"
"71","กาญจนบุรี","7113","ห้วยกระเจา"
"72","สุพรรณบุรี","7201","เมืองสุพรรณบุรี"
"72","สุพรรณบุรี","7202","เดิมบางนางบวช"
"72","สุพรรณบุรี","7203","ด่านช้าง"
"72","สุพรรณบุรี","7204","บางปลาม้า"
"72","สุพรรณบุรี","7205","ศรีประจันต์"
"72","สุพรรณบุรี","7206","ดอนเจดีย์"
"72","สุพรรณบุรี","7207","สองพี่น้อง"
"72","สุพรรณบุรี","7208","สามชุก"
"72","สุพรรณบุรี","7209","อู่ทอง"
"72","สุพรรณบุรี","7210","หนองหญ้าไซ"
"73","นครปฐม","7301","เมืองนครปฐม"
"73","นครปฐม","7302","กำแพงแสน"
"73","นครปฐม","7303","นครชัยศรี"
"73","นครปฐม","7304","ดอนตูม"
"73","นครปฐม","7305","บางเลน"
"73","นครปฐม","7306","สามพราน"
"73","นครปฐม","7307","พุทธมณฑล"
"74","สมุทรสาคร","7401","เมืองสมุทรสาคร"
"74","สมุทรสาคร","7402","กระทุ่มแบน"
"74","สมุทรสาคร","7403","บ้านแพ้ว"
"75","สมุทรสงคราม","7501","เมืองสมุทรสงคราม"
"75","สมุทรสงคราม","7502","บางคนที"
"75","สมุทรสงคราม","7503","อัมพวา"
"76","เพชรบุรี","7601","เมืองเพชรบุรี"
"76","เพชรบุรี","7602","เขาย้อย"
"76","เพชรบุรี","7603","หนองหญ้าปล้อง"
"76","เพชรบุรี","7604","ชะอำ"
"76","เพชรบุรี","7605","ท่ายาง"
"76","เพชรบุรี","7606","บ้านลาด"
"76","เพชรบุรี","7607","บ้านแหลม"
"76","เพชรบุรี","7608","แก่งกระจาน"
"77","ประจวบคีรีขันธ์","7701","เมืองประจวบคีรีขันธ์"
"77","ประจวบคีรีขันธ์","7702","กุยบุรี"
"77","ประจวบคีรีขันธ์","7703","ทับสะแก"
"77","ประจวบคีรีขันธ์","7704","บางสะพาน"
"77","ประจวบคีรีขันธ์","7705","บางสะพานน้อย"
"77","ประจวบคีรีขันธ์","7706","ปราณบุรี"
"77","ประจวบคีรีขันธ์","7707","หัวหิน"
"77","ประจวบคีรีขันธ์","7708","สามร้อยยอด"
"80","นครศรีธรรมราช","8001","เมืองนครศรีธรรมราช"
"80","นครศรีธรรมราช","8002","พรหมคีรี"
"80","นครศรีธรรมราช","8003","ลานสกา"
"80","นครศรีธรรมราช","8004","ฉวาง"
"80","นครศรีธรรมราช","8005","พิปูน"
"80","นครศรีธรรมราช","8006","เชียรใหญ่"
"80","นครศรีธรรมราช","8007","ชะอวด"
"80","นครศรีธรรมราช","8008","ท่าศาลา"
"80","นครศรีธรรมราช","8009","ทุ่งสง"
"80","นครศรีธรรมราช","8010","นาบอน"
"80","นครศรีธรรมราช","8011","ทุ่งใหญ่"
"80","นครศรีธรรมราช","8012","ปากพนัง"
"80","นครศรีธรรมราช","8013","ร่อนพิบูลย์"
"80","นครศรีธรรมราช","8014","สิชล"
"80","นครศรีธรรมราช","8015","ขนอม"
"80","นครศรีธรรมราช","8016","หัวไทร"
"80","นครศรีธรรมราช","8017","บางขัน"
"80","นครศรีธรรมราช","8018","ถ้ำพรรณรา"
"80","นครศรีธรรมราช","8019","จุฬาภรณ์"
"80","นครศรีธรรมราช","8020","พระพรหม"
"80","นครศรีธรรมราช","8021","นบพิตำ"
"80","นครศรีธรรมราช","8022","ช้างกลาง"
"80","นครศรีธรรมราช","8023","เฉลิมพระเกียรติ"
"81","กระบี่","8101","เมืองกระบี่"
"81","กระบี่","8102","เขาพนม"
"81","กระบี่","8103","เกาะลันตา"
"81","กระบี่","8104","คลองท่อม"
"81","กระบี่","8105","อ่าวลึก"
"81","กระบี่","8106","ปลายพระยา"
"81","กระบี่","8107","ลำทับ"
"81","กระบี่","8108","เหนือคลอง"
"82","พังงา","8201","เมืองพังงา"
"82","พังงา","8202","เกาะยาว"
"82","พังงา","8203","กะปง"
"82","พังงา","8204","ตะกั่วทุ่ง"
"82","พังงา","8205","ตะกั่วป่า"
"82","พังงา","8206","คุระบุรี"
"82","พังงา","8207","ทับปุด"
"82","พังงา","8208","ท้ายเหมือง"
"83","ภูเก็ต","8301","เมืองภูเก็ต"
"83","ภูเก็ต","8302","กะทู้"
"83","ภูเก็ต","8303","ถลาง"
"84","สุราษฎร์ธานี","8401","เมืองสุราษฎร์ธานี"
"84","สุราษฎร์ธานี","8402","กาญจนดิษฐ์"
"84","สุราษฎร์ธานี","8403","ดอนสัก"
"84","สุราษฎร์ธานี","8404","เกาะสมุย"
"84","สุราษฎร์ธานี","8405","เกาะพะงัน"
"84","สุราษฎร์ธานี","8406","ไชยา"
"84","สุราษฎร์ธานี","8407","ท่าชนะ"
"84","สุราษฎร์ธานี","8408","คีรีรัฐนิคม"
"84","สุราษฎร์ธานี","8409","บ้านตาขุน"
"84","สุราษฎร์ธานี","8410","พนม"
"84","สุราษฎร์ธานี","8411","ท่าฉาง"
"84","สุราษฎร์ธานี","8412","บ้านนาสาร"
"84","สุราษฎร์ธานี","8413","บ้านนาเดิม"
"84","สุราษฎร์ธานี","8414","เคียนซา"
"84","สุราษฎร์ธานี","8415","เวียงสระ"
"84","สุราษฎร์ธานี","8416","พระแสง"
"84","สุราษฎร์ธานี","8417","พุนพิน"
"84","สุราษฎร์ธานี","8418","ชัยบุรี"
"84","สุราษฎร์ธานี","8419","วิภาวดี"
"85","ระนอง","8501","เมืองระนอง"
"85","ระนอง","8502","ละอุ่น"
"85","ระนอง","8503","กะเปอร์"
"85","ระนอง","8504","กระบุรี"
"85","ระนอง","8505","สุขสำราญ"
"86","ชุมพร","8601","เมืองชุมพร"
"86","ชุมพร","8602","ท่าแซะ"
"86","ชุมพร","8603","ปะทิว"
"86","ชุมพร","8604","หลังสวน"
"86","ชุมพร","8605","ละแม"
"86","ชุมพร","8606","พะโต๊ะ"
"86","ชุมพร","8607","สวี"
"86","ชุมพร","8608","ทุ่งตะโก"
"90","สงขลา","9001","เมืองสงขลา"
"90","สงขลา","9002","สทิงพระ"
"90","สงขลา","9003","จะนะ"
"90","สงขลา","9004","นาทวี"
"90","สงขลา","9005","เทพา"
"90","สงขลา","9006","สะบ้าย้อย"
"90","สงขลา","9007","ระโนด"
"90","สงขลา","9008","กระแสสินธุ์"
"90","สงขลา","9009","รัตภูมิ"
"90","สงขลา","9010","สะเดา"
"90","สงขลา","9011","หาดใหญ่"
"90","สงขลา","9012","นาหม่อม"
"90","สงขลา","9013","ควนเนียง"
"90","สงขลา","9014","บางกล่ำ"
"90","สงขลา","9015","สิงหนคร"
"90","สงขลา","9016","คลองหอยโข่ง"
"91","สตูล","9101","เมืองสตูล"
"91","สตูล","9102","ควนโดน"
"91","สตูล","9103","ควนกาหลง"
"91","สตูล","9104","ท่าแพ"
"91","สตูล","9105","ละงู"
"91","สตูล","9106","ทุ่งหว้า"
"91","สตูล","9107","มะนัง"
"92","ตรัง","9201","เมืองตรัง"
"92","ตรัง","9202","กันตัง"
"92","ตรัง","9203","ย่านตาขาว"
"92","ตรัง","9204","ปะเหลียน"
"92","ตรัง","9205","สิเกา"
"92","ตรัง","9206","ห้วยยอด"
"92","ตรัง","9207","วังวิเศษ"
"92","ตรัง","9208","นาโยง"
"92","ตรัง","9209","รัษฎา"
"92","ตรัง","9210","หาดสำราญ"
"93","พัทลุง","9301","เมืองพัทลุง"
"93","พัทลุง","9302","กงหรา"
"93","พัทลุง","9303","เขาชัยสน"
"93","พัทลุง","9304","ตะโหมด"
"93","พัทลุง","9305","ควนขนุน"
"93","พัทลุง","9306","ปากพะยูน"
"93","พัทลุง","9307","ศรีบรรพต"
"93","พัทลุง","9308","ป่าบอน"
"93","พัทลุง","9309","บางแก้ว"
"93","พัทลุง","9310","ป่าพะยอม"
"93","พัทลุง","9311","ศรีนครินทร์"
"94","ปัตตานี","9401","เมืองปัตตานี"
"94","ปัตตานี","9402","โคกโพธิ์"
"94","ปัตตานี","9403","หนองจิก"
"94","ปัตตานี","9404","ปะนาเระ"
"94","ปัตตานี","9405","มายอ"
"94","ปัตตานี","9406","ทุ่งยางแดง"
"94","ปัตตานี","9407","สายบุรี"
"94","ปัตตานี","9408","ไม้แก่น"
"94","ปัตตานี","9409","ยะหริ่ง"
"94","ปัตตานี","9410","ยะรัง"
"94","ปัตตานี","9411","กะพ้อ"
"94","ปัตตานี","9412","แม่ลาน"
"95","ยะลา","9501","เมืองยะลา"
"95","ยะลา","9502","เบตง"
"95","ยะลา","9503","บันนังสตา"
"95","ยะลา","9504","ธารโต"
"95","ยะลา","9505","ยะหา"
"95","ยะลา","9506","รามัน"
"95","ยะลา","9507","กาบัง"
"95","ยะลา","9508","กรงปินัง"
"96","นราธิวาส","9601","เมืองนราธิวาส"
"96","นราธิวาส","9602","ตากใบ"
"96","นราธิวาส","9603","บาเจาะ"
"96","นราธิวาส","9604","ยี่งอ"
"96","นราธิวาส","9605","ระแงะ"
"96","นราธิวาส","9606","รือเสาะ"
"96","นราธิวาส","9607","ศรีสาคร"
"96","นราธิวาส","9608","แว้ง"
"96","นราธิวาส","9609","สุคิริน"
"96","นราธิวาส","9610","สุไหงโก-ลก"
"96","นราธิวาส","9611","สุไหงปาดี"
"96","นราธิวาส","9612","จะแนะ"
"96","นราธิวาส","9613","เจาะไอร้อง"
